{"upfundme": 2.9064228172270954, "taskmanager": 10.807865805578409, "phoenixwren": 0.0839039671261976, "mobi72": 0, "kenny-crane": 0.011593937793749539, "mcoinz79": 0.07106889111968191, "happyphoenix": 0, "maxwell95": 0, "andrewma": 0, "sunai": 0, "honey00": 0, "robertyan": 0, "samest": 0, "sasaadrian": 0, "flutterby29": 0, "madstacks": 17.24853799590859, "kamchore": 0, "ifeoluwa88": 0, "qam2112": 0, "xabi": 0, "ikrahch": 0, "moeenali": 0.02920748275715378, "enm1": 0, "dailyke20": 0.009380462425417789, "kayceefresh": 0, "drigweeu": 0, "aaronleang": 0, "littlenewthings": 0, "chorusmaster": 0.047570072189165695, "lovelemon": 0, "emergehealthier": 0.03062802317737503, "elizacheng": 0, "tmholdings": 0.7007791575250536, "gtpjfoodbank": 0, "dses": 0, "dray91eu": 0, "dera123": 5.360668092761113, "d3nv3r": 0.06823279776286706, "xyzashu": 4.268746446086501, "dylanhobalart": 0.27567695104422474, "ironshield": 0.9959659070224718, "bluengel": 0.03393329809660164, "abdt": 0, "tm50": 0.029878181817942533, "cryptoyzzy": 0.010190378851487476, "sbi-tokens": 0.011116724640779065, "eturnerx": 0.2929300240464253, "amico": 0, "curart38": 0, "chekohler": 0, "botante": 0.21068446585373424, "steemitcuration": 0.09443188199138837, "ecoinstar": 0, "doggodfroglog": 0, "bidnat": 0.28030087642522594, "rxhector": 0.019674995141386094, "bwar.ufm": 0.5254106288157612, "votebetting": 2.1839600899302587, "andykarma": 0, "lottotoken": 0.17259939215041728, "ufm.pay": 0.532046862004425, "ufmbot": 0.145634262433859, "ufm.reserve": 0, "phillarecette": 0, "kofie": 0, "athomewithcraig": 0, "xfocus": 0.16311037391930233, "news-today": 0, "kggymlife": 0.02160278151147301, "rentmoney": 0.014806688611536492, "whitelightxpress": 0.008358930426425869, "elbrava": 0.15233743167944955, "mimismartypants": 0, "silvertop": 0, "tattoodjay": 0, "cloudblade": 0.21041608483753277, "obelus": 0, "d-zero": 0, "teamcn-shop": 0, "silversaver888": 0, "bucipuci": 0, "shenchensucc": 0.013734533997288299, "zimonitrome": 0, "htliao": 0.011031511855934817, "quintaesencia": 7.249090780780663, "coolguy123": 0, "czechman": 0, "papilloncharity": 0, "minismallholding": 0, "appicsgirl": 0, "sam99": 0.0982393305779938, "hokkaido": 0, "tmps": 6.97298431160677, "steem-drivers": 0, "shanibeer": 0, "steemizm": 0, "sm-silva": 0, "jk6276": 0.01654934800384761, "unicron": 0.018349917053426753, "vote-transfer": 0, "bullionstackers": 0, "pataty69": 0, "dorian-lee": 0, "royaleagle": 0.1775370726685949, "godfish": 0, "trincowski": 0, "steemexplorers": 0, "xneilx": 0, "putu300": 0.008919468302084746, "fitcoin": 0, "mangajp": 0, "mobi72.curation": 0, "ecoinstant": 12.95674993942168, "organduo": 0.6605368859120518, "syalla": 0, "ronaldoavelino": 0.06294168510752844, "azadsipahi": 0, "wishmaiden": 0, "erixink": 0, "ili0braz": 0, "kstop1": 0.03132035104445175, "cadawg": 0, "craftsofluv": 0, "investinthefutur": 0.3039827834743593, "novacadian": 0, "untersatz": 0.02600912789282815, "simms50": 0, "giphy": 0, "leysa": 0.010121094933252237, "bruufm": 0.015951405117367947, "kryptodenno": 0, "stever82": 0.05903837787149483, "ph1102": 0.01016677854785076, "yangyanje": 0.007355918743207401, "steemflow": 0.006990444576966013, "sifondeseltz": 0, "weedcash.rewards": 0.03518571343228196, "chunkysoupsvc": 0, "dm312": 0.01804484517415103, "atongis": 0, "gravitcaper": 0, "vimukthi": 0, "catsmakekittens": 0.007843941202122676, "eii": 0, "alchemystones": 0.006695669635820893, "felander": 0, "tanlikming": 0, "catscientist": 0, "afknchill": 0, "drax": 0.04871553442933581, "dumitriu": 0, "libertycrypto27": 0.025973964367768713, "michealb": 0, "kirstin": 0, "barmbo": 0, "kaeves4711": 0.011034794783197034, "thanksforplaying": 0, "freepressturkey": 0.008572804065206878, "sportsconnect": 0, "ityp": 0.0436902787301577, "davidesimoncini": 0.014132757926464332, "postpromoter": 0.008259618047224608, "simplymike": 0, "bilpcoinrecords": 0, "sumatranate": 0.04621133489514881, "kgakakillerg": 0, "steemadventures": 0, "andy4475": 0, "akdx": 0, "fitinfun": 0, "communitycharge": 0, "sacra97": 0, "thejbullfrog": 0, "teampossible": 0.020404957754983324, "draxnews": 0, "golddeck": 0.4259605180146321, "leoneil": 0.13507028435912435, "mad-runner": 0.05739680427989732, "bilpcoin.pay": 0, "sparkesy43": 0, "tokengesture": 0, "crosheille": 0, "liaminit1": 0.5037478732019132, "sinlg": 0, "paredao": 0, "boomerang": 0, "classical-radio": 0, "cabinet24": 0.008226234318486373, "siphon": 0, "solaiman": 0, "brickmanbrad": 0, "pereu4ivatel": 0.012856924032087063, "flxlove": 0, "minnowpromoter": 0, "definethedollar": 0.01048262188140253, "rajib2k5": 0.6168651792262927, "tsnaks": 0.06619739201539045, "pixresteemer": 0.020174317183990653, "chadmichaellibby": 0, "solairitas": 0, "apshamilton": 0, "alinalazareva": 0, "hersi007": 0.060315825347161685, "artmusiclife": 0, "russia-btc": 0.04781470106658747, "webdeals": 0, "sergey44": 0, "cabalen": 0, "cultus-forex": 0, "bitandi": 0.04519474427679319, "agr8buzz": 0.031902810234735894, "cooperfelix": 0, "dkid14": 0.08740216657949898, "nataly2317": 0, "wesphilbin": 0, "pixelfan": 0.4235195124274529, "udabeu": 0, "showtime": 0, "kadna": 0, "chrisparis": 0, "drazeus": 0, "lusce": 0, "oac": 0.014563426243385899, "kdtkaren": 0, "robinmmthompson": 0, "robinsonr810": 0, "cwcost": 0, "monsterbuster": 0, "battlegames": 0.014613961332450446, "malia.mancianti": 0, "lotto-de": 0.04408649541697973, "melinda010100": 2.8379681893075173, "randomvoter": 0.019618391492465144, "miketr": 0.22469257636477696, "botefarm.sport": 0, "investyourvote": 0.21182115855113626, "kaniz": 0, "ekushya": 0.012465264666586328, "mfblack": 0.4721651806803666, "guurry123": 0.008723492313168414, "freedomtowrite": 0, "levi-miron": 0, "ecoinstats": 4.850310771190006, "mk992039": 0.01310708361904731, "busylion": 0.058253704973543596, "deranged.coin": 0, "saswat036": 0, "opidia": 0, "pundito": 0, "cmurai23": 0, "zukowick": 0.007483204525058001, "camiloferrua": 0.6752689754705814, "flyerchen": 0, "r1s2g3": 0, "wonderwop": 0, "gmlrecordz": 0, "elikast": 0.015145963293121333, "vittoriozuccala": 0.014563426243385899, "anonyvoter": 0.06026345778851111, "braaiboy": 0.009172508938560022, "co2fund": 0, "mawit07": 0, "tyrnannoght": 0.08242227931091346, "incubot": 0.08956015881554467, "yorra": 0, "mariannewest": 0, "antoniarhuiz": 0, "neoxvoter": 0.01696639157354457, "creavoter": 0.019587808277494817, "dblogvoter": 0.02472987605498792, "playdice": 0.022267358756603493, "qwertm": 0, "berthold": 0.35516989939100435, "luminaryhmo": 0, "bigmoneyman": 0, "voinvote.token": 0.014867515402517935, "schuyler": 0.014563426243385899, "solerohot2018": 0, "erikklok": 0.009239567638082404, "beerlotto": 0.011046045016730573, "steemmedia.org": 0.018364696494999763, "limka": 0.017773019551489546, "simplegame": 0, "forever-crypto": 0, "nelinoeva": 0, "barbara-orenya": 0.03708807892481748, "jersteemit.sport": 0, "kgsupport": 0, "steem-holder": 0.23925326209784553, "photobooth": 0.010362745143357166, "olezoom": 0, "kona": 0, "courtneyjensen": 0, "krazypoet": 0, "vcdragon": 0, "dpet": 0, "a1-shroom-spores": 0.013767261325926788, "lolasophiedanton": 0, "r0g1": 0, "ivanc": 0, "cryptobrewmaster": 0, "radaquest": 0, "winkandwoo": 0, "sickshark": 0, "palikari123": 0, "tlundy47": 0, "improv": 0, "roger.remix": 0.014563426243385899, "rus-lifestyle": 0.04112179448692253, "ibeninja": 0, "diebaasman": 0, "logantron": 0, "muru": 0, "budwizard": 0, "samsemilia7": 0, "ufmbank": 1.542014558245841, "nakedverse": 0, "dr-autoflower": 0, "ash": 0.1252911451253545, "photobook": 0, "brofund": 0, "barvon": 0.008869126562362795, "lastravage": 0, "blind-spot": 0, "mickowen": 0.1525996603736096, "indusrush": 0, "blue.rabbit": 0.4950748600396646, "saulos": 0, "archon-mining": 0, "mpath": 0.56082857425724, "bosmob": 0.1765649800447775, "accelerator": 0.21534934326724714, "jjprac": 0, "rycharde": 0.11040868797037615, "ace108": 0, "kevmcc": 0, "leetahsar": 0, "kcgm": 0, "shanghaipreneur": 0, "atomcollector": 0.010099210346861258, "eirik": 0,